{"cameraMode":{"drawMode":0,"name":"Shaded","section":"Shading Mode"},"sceneLighting":false,"audioPlay":false,"sceneViewState":{"m_AlwaysRefresh":false,"showFog":true,"showSkybox":false,"showFlares":true,"showImageEffects":true,"showParticleSystems":true,"showVisualEffectGraphs":true,"m_FxEnabled":false},"in2DMode":false,"pivot":{"x":0.0316314697265625,"y":2.7671422958374025,"z":-6.438736915588379},"rotation":{"x":0.09954267740249634,"y":-0.8777968883514404,"z":0.20813338458538056,"w":0.41981661319732668},"size":1.176308274269104,"orthographic":false}